x1,x2,label
-0.987264790572226,1.02526256814599,1
-1.02302989691496,0.908192023420334,1
-0.916429246813059,0.980988216584921,1
-0.937997559607029,0.777379553472996,1
-0.872804300934076,0.937079414570332,1
-0.880593478307128,0.800540057420731,1
-0.85225690446794,0.8109996286273,1
-0.759513937532902,0.7138142688483,1
-0.939089086055756,0.720311452648044,1
-0.827771585136652,0.654724292883277,1
-0.744326344877482,0.558687045574188,1
-0.888314737677574,0.673359444105625,1
-0.760073908980994,0.587376595979929,1
-0.759006986171007,0.458570076918602,1
-0.761669651865959,0.529157803916931,1
-0.648135204613209,0.473192473649979,1
-0.701174792200327,0.437563860246539,1
-0.547872882187367,0.515149752175808,1
-0.648427292108536,0.391678902423382,1
-0.563513114005327,0.367118680053949,1
-0.558277527242899,0.347637042067945,1
-0.464221494197845,0.306429830932617,1
-0.627230470478535,0.34230536968112,1
-0.578622558116913,0.264857774487138,1
-0.509752041175962,0.27395719239451,1
-0.569647394120693,0.294456705451012,1
-0.498980231136084,0.176275633507967,1
-0.441894791126251,0.25567324641943,1
-0.393608728945255,0.157873016899824,1
-0.500139078199863,0.099780896449089,1
-0.394162375573069,0.127620525509119,1
-0.287902337610722,0.0925235519051552,1
-0.362749234205112,0.123346854364872,1
-0.420060072243214,0.109252947247028,1
-0.394158541858196,0.0444004338026047,1
-0.278084415197372,0.0941561620309949,1
-0.219533390104771,0.0438452428221702,1
-0.256339063625783,0.151998001432419,1
-0.264151699617505,0.0476999004021287,1
-0.293568999767303,0.0350383578628302,1
-0.309226413071156,0.0971847781538963,1
-0.202998614236712,0.00753627260923385,1
-0.0943117028474807,-0.0314904053747654,1
-0.16301406674087,0.0381604579746723,1
-0.150945980921388,-0.0382216290891171,1
-0.19427035599947,-0.0212193986028433,1
-0.141260480433702,0.0379499752759933,1
-0.0425937245041132,0.162495999193192,1
-0.0817391136288643,0.0528646473944187,1
-0.0316781210526824,-0.0508891970574856,1
0.0724944770336151,0.00620565516874194,1
-0.0638079303503036,0.00105810891101137,1
0.0631064539402724,-0.00323883637934923,1
-0.0194694051146507,-0.0894131673812866,1
0.0364595930278301,0.0743023638367653,1
0.0834902789443732,0.0138105347193778,1
0.160012639015913,0.0351257997244597,1
0.213343932628632,0.162419747328758,1
0.142659332454205,-0.0195344475150108,1
0.172624344769865,0.0459874869301915,1
0.234827262163162,0.0617427872121334,1
0.234389932155609,0.0663511196911335,1
0.0774553918838501,0.0950762080609799,1
0.293618248999119,0.076268813854456,1
0.296093229874969,-0.0454192617893219,1
0.298969937325455,0.0784955640882254,1
0.346371501386166,0.0727644495457411,1
0.3847633638978,0.107455651140213,1
0.331336975693703,0.0495848845601082,1
0.364494902193546,0.0676392534613609,1
0.395666499249637,0.25410036355257,1
0.366392513811588,0.218662185364962,1
0.366037445664406,0.213809103822708,1
0.489038935899735,0.205121661963314,1
0.388344902098179,0.234435233519971,1
0.494944144506007,0.215195190161467,1
0.477611788064241,0.230046683186293,1
0.533267107289285,0.307853061592579,1
0.55388962239027,0.294364918029308,1
0.573683787994087,0.394109839195013,1
0.560563067346811,0.262356125414372,1
0.546911689341068,0.373421149463952,1
0.594647693783045,0.440641529029608,1
0.661677028485574,0.361631991839409,1
0.766725361645222,0.541244003379345,1
0.684063932672143,0.449433536976576,1
0.667591882199049,0.539963796326518,1
0.772543234527111,0.496425869709253,1
0.788990145772696,0.672179786062241,1
0.85386901974678,0.639526191839576,1
0.760375141352415,0.750407643020153,1
0.806660214141011,0.797458367848396,1
0.844949706140906,0.705802912953682,1
0.877713153734803,0.80747782907486,1
1.0231627869606,0.777540207845718,1
0.806458452343941,0.711529274880886,1
0.90398626409471,0.886961459958553,1
1.02143744617701,0.861220657533407,1
0.96373808061704,1.01468152645826,1
0.94756749227643,1.06409747877121,1
-0.999929064688331,1.00276124593802,1
-1.12093710482121,0.939196260431409,1
-1.00171852767467,0.974269480443001,1
-0.963163186386228,0.848836261487007,1
-0.936651136800647,0.809236474180222,1
-0.856200987100601,0.852673043906689,1
-0.974741985201836,0.916974265599251,1
-0.936510608196259,0.742989299847186,1
-0.82534535896033,0.829954362487793,1
-0.879975035488605,0.757882686758041,1
-0.786371725797653,0.676764070391655,1
-0.776336130425334,0.741952819490433,1
-0.735128350779414,0.621522569602728,1
-0.777054613232613,0.562626669017971,1
-0.766055514365435,0.522005677280575,1
-0.757056970894337,0.432295290529728,1
-0.738393992483616,0.448773343504965,1
-0.630143523067236,0.402576664960384,1
-0.625841136425734,0.398975771023333,1
-0.623752488875762,0.302696657502651,1
-0.681189751625061,0.462680251002312,1
-0.512450667023659,0.299293415242434,1
-0.582746063768864,0.439761679625511,1
-0.619574763774872,0.276607694922388,1
-0.62049594938755,0.233670120322704,1
-0.556672561913729,0.320568419992924,1
-0.57613886475563,0.267928779357672,1
-0.501385632008314,0.187051732054353,1
-0.376161927878857,0.0884256373405456,1
-0.400077741667628,0.201651572951674,1
-0.431004469841719,0.122387077510357,1
-0.34599829941988,0.0720328459382057,1
-0.444378965198994,0.166808966910839,1
-0.361069953218102,0.0804084677755832,1
-0.268536913841963,0.150959710383415,1
-0.293424064014107,-0.048360932469368,1
-0.311232111155987,0.0752799517955631,1
-0.234571892991662,0.0337217778921127,1
-0.253761999085546,0.147148140764236,1
-0.23456759404391,-0.0664311272263527,1
-0.147661265730858,0.0883613088726997,1
-0.195908440575004,0.0840071170568466,1
-0.197038892507553,0.0478281515598297,1
-0.132488526273519,-0.078298006439209,1
-0.0787489850819111,0.0728509260952473,1
-0.0142132177948951,0.017936367765069,1
-0.18988511890173,0.0361338739037514,1
0.0200538957118988,0.0629305043876171,1
-0.0604077083617449,-0.0607438991606236,1
-0.0615808372199535,-0.0991565429329872,1
-0.11724866181612,0.127329841256142,1
0.0307840364798904,0.0508031851887703,1
0.128693335652351,0.0057607073508203,1
-0.0288363718986511,-0.00117566849440336,1
0.142833085656166,0.0890190263032913,1
0.0259457215666771,-0.00894311793148517,1
0.0307601717114449,-0.0191124060511589,1
0.220163061618805,-0.0810694361567497,1
0.265272710323334,-0.0155859638988972,1
0.155464327260852,0.0509708254575729,1
0.251041293889284,0.0176957277208567,1
0.175712139606476,0.0896770062685013,1
0.214094370380044,0.0602425661053509,1
0.144063698351383,0.0362511270701885,1
0.319140969514847,0.115509944969416,1
0.312713323347271,0.158422146141529,1
0.427046015560627,0.0227384146094322,1
0.325669207759202,0.130256685292721,1
0.349122570492327,0.133997876560688,1
0.369871826022863,0.151125601386279,1
0.422301429882646,0.220502536594868,1
0.352252556085587,0.161176973724365,1
0.562958444058895,0.187997214613855,1
0.547921164929867,0.24847746077776,1
0.45231381572783,0.294809919083118,1
0.551147498190403,0.322373956441879,1
0.543009544238448,0.311911192917824,1
0.628556908071041,0.216577689981461,1
0.451405954957008,0.398328263318539,1
0.615833694040775,0.319208960601688,1
0.579012360796332,0.387549611404538,1
0.573604258596897,0.372687867978215,1
0.644141521174461,0.329276840305328,1
0.738976109623909,0.504759097969532,1
0.525243006944656,0.490067637914419,1
0.677151181548834,0.506198195517063,1
0.682918307632208,0.530815465898812,1
0.806609442234039,0.473718709146976,1
0.72242355927825,0.563111053353548,1
0.740923478007317,0.611950708759576,1
0.886064130067825,0.685311249792576,1
0.859973255246878,0.618501877838373,1
0.872870512455702,0.756910665905476,1
0.862710204338655,0.695432060426474,1
0.807088111639023,0.683347147428989,1
0.963149593770504,0.776819416731596,1
0.894406322464347,0.851931754810363,1
0.903259264826775,0.811009045398235,1
1.02857030838728,0.958439161068201,1
0.932367953956127,0.870875604236126,1
-1.05832394585013,0.975939543917775,1
-0.945889878571033,0.914077281737327,1
-1.06319869965315,0.949438682755828,1
-0.950581103153527,0.770644824659824,1
-0.996547123491764,0.777013495409489,1
-0.854124633222818,0.862579458802939,1
-0.839371317178011,0.70198646607399,1
-0.83113617695868,0.721213846495747,1
-0.875466462373733,0.674426921656728,1
-0.784402236044407,0.622730790132284,1
-0.717396105825901,0.561205401420593,1
-0.797753036692739,0.63274173412621,1
-0.870624745488167,0.630293121135235,1
-0.855032494068146,0.607191561555862,1
-0.643393674194813,0.511295171511918,1
-0.72770827151835,0.521039034947753,1
-0.645906474739313,0.475326211580634,1
-0.689824409633875,0.483650988465548,1
-0.65644529029727,0.353780842489004,1
-0.634741817489266,0.438800894790888,1
-0.586767045222223,0.391186109408736,1
-0.539225155413151,0.298736242198944,1
-0.60393020644784,0.282928397884965,1
-0.555610177069902,0.285111280976236,1
-0.564133652001619,0.210030091190338,1
-0.463368602097034,0.24834689986892,1
-0.448249648809433,0.306007135891914,1
-0.587268418669701,0.232093181422353,1
-0.491608093082905,0.198417508161068,1
-0.494342526495457,0.154887182408571,1
-0.372585463896394,0.168365618996322,1
-0.398078666180372,0.0668274829030037,1
-0.450228855609894,0.190665100133419,1
-0.267020780742168,0.0885641042649746,1
-0.352306883484125,0.0482846189081669,1
-0.274466031417251,0.122965619117022,1
-0.137502683997154,0.142609908246994,1
-0.301688535362482,-0.028419484102726,1
-0.229126368425786,0.0245299460947514,1
-0.235448041260242,0.153747789824009,1
-0.435055908560753,0.0413245937880129,1
-0.167680456601083,0.120787466967106,1
-0.152999182548374,0.0331410795398056,1
-0.26234840542078,0.0965448578357696,1
-0.0121105191111564,0.00822576486095786,1
-0.141434209793806,-0.0904948168992996,1
-0.0266161169111729,0.059104531699419,1
-0.0883970907330513,0.00280957867288962,1
-0.156242557764053,0.0385294583797455,1
-0.0315724382922053,-0.19326779923439,1
0.0229406636208296,-0.0221622288227081,1
-0.0210962998867035,-0.0289259359896183,1
0.091230613142252,-0.12242768433094,1
0.0775828579813242,-0.00349631294012069,1
0.104254212155938,0.0541135255932808,1
0.145988731086254,0.0107073663291521,1
0.212955030500889,0.0303732773900032,1
0.0603462973237038,-0.0297258349597454,1
0.152195210419595,0.0354493620753288,1
0.123976663053036,-0.0718846366763115,1
0.189721537567675,0.0783889153599739,1
0.256228343844414,0.0332101399838925,1
0.271023688614368,0.0466453107655048,1
0.273499975204468,0.0973726150602102,1
0.212042665779591,0.0434688022375107,1
0.321066948771477,0.103759910129011,1
0.296271374151111,0.000134321653842931,1
0.397829510420561,0.141208358904719,1
0.37513784378767,0.202200118815899,1
0.416226149648428,0.0768454292654991,1
0.365407691895962,0.276699494421482,1
0.366024879813194,0.203958570727706,1
0.41245086170733,0.219219005784392,1
0.577804639041424,0.240943081638217,1
0.463262805268168,0.234560517361015,1
0.563191793859005,0.267099784687161,1
0.474246122390032,0.268904479648545,1
0.535464514940977,0.361016500627995,1
0.52074939519167,0.265820510691404,1
0.597924567684531,0.384617713832855,1
0.545833623409271,0.402401846498251,1
0.53178023070097,0.385725604855083,1
0.631869925521314,0.424876865102351,1
0.654970802683383,0.341602923846245,1
0.716080650985241,0.460248828788847,1
0.776234467327595,0.452844081223011,1
0.689370139762759,0.549524191358686,1
0.767730848640203,0.542314138563722,1
0.810790924578905,0.613992167210579,1
0.808133571147919,0.524356445038319,1
0.861698395758867,0.568340554237366,1
0.717940881550312,0.560432034039497,1
0.797935258746147,0.698590858852863,1
0.847209118902683,0.715861585950851,1
0.973514397740364,0.809921056503057,1
0.764393845200539,0.740851824581623,1
0.974102547466755,0.94586046769619,1
0.993413100540638,0.834232207095623,1
1.00398796707392,0.758734152650833,1
0.955304786115885,0.971906619863212,1
-0.94200636073947,1.02236236073077,1
-0.959142501950264,0.933252423787117,1
-0.946775749363005,0.970005457288027,1
-0.979100639522076,0.801792647397518,1
-0.816077424287796,0.804747108215094,1
-0.976635181903839,0.794205426648259,1
-0.790098880529404,0.749090046161413,1
-0.849192840643227,0.69298823646307,1
-0.893803864866495,0.837326697087288,1
-0.886238515079021,0.688351657667756,1
-0.924300830066204,0.634510733988136,1
-0.855430765748024,0.648734902703762,1
-0.695875684022903,0.551299694499373,1
-0.858088439106941,0.455438650047779,1
-0.710862209349871,0.482703743094206,1
-0.625640568137169,0.453062182068825,1
-0.720888030081987,0.393303755128384,1
-0.613739628195763,0.360768603658676,1
-0.552745445966721,0.385153518161178,1
-0.54353580147028,0.321647015535831,1
-0.58706176970154,0.471379273235798,1
-0.630449527800083,0.448744734370708,1
-0.564411146044731,0.380992252385616,1
-0.624809213876724,0.285396996772289,1
-0.619169328808785,0.30720893778801,1
-0.5316690094769,0.404871135950089,1
-0.428608584702015,0.236516015836596,1
-0.529697886705399,0.224600885955989,1
-0.343939366340637,0.262077272987366,1
-0.403342560008168,0.18368523125872,1
-0.420280426368117,0.210953049212694,1
-0.342224293500185,-0.00501161870956421,1
-0.453134142458439,0.105017174398899,1
-0.313254796117544,0.0957917746663093,1
-0.414355277717114,0.0891445146664977,1
-0.211793358623981,-0.0352778172492981,1
-0.201715587377548,0.192705853843689,1
-0.18475813627243,-0.0998206107854843,1
-0.130982292592525,0.0334738167583942,1
-0.195850880146027,0.0113351757466793,1
-0.202358919009566,0.189020567536354,1
-0.0965437966585159,0.116783316338062,1
-0.253121685087681,0.0962281960010528,1
-0.116396713405848,0.0475681216925383,1
-0.176201972067356,0.0428318402409553,1
-0.255187264084816,0.0393341223150492,1
-0.0517574212700128,0.103482063555717,1
-0.0887996847182512,-0.0625242008209229,1
0.0143110594153404,-0.124734935426712,1
0.0473927813768387,-0.0668727450728416,1
0.0794551745057106,-0.0543163605034351,1
0.123261351585388,0.0151015694528818,1
-0.0102546764910221,-0.0112617351874709,1
0.108564150929451,0.0741084875226021,1
0.0833297485206276,-0.0233947376966476,1
0.127441076934338,0.057645952552557,1
0.0724354562163353,0.00488553593456746,1
0.17767030313611,-0.00118256756067276,1
0.198878299295902,0.0419327064365149,1
0.131627429574728,-0.0296013773441315,1
0.17587188705802,0.0292899794504047,1
0.205281823202968,0.157388262712955,1
0.218883912786841,0.0683246916741133,1
0.184334295094013,0.150594811236858,1
0.352324305772781,0.0498573714882136,1
0.27688727080822,0.0955025173351169,1
0.314690155144781,0.178547511601448,1
0.269155446588993,0.158064632540941,1
0.4444741538167,0.125053769806772,1
0.326035012602806,0.134549110555649,1
0.351572574675083,0.232071485221386,1
0.376924796104431,0.249632501745224,1
0.446145960185677,0.244181008195877,1
0.496258041858673,0.251305254137516,1
0.468548873923719,0.188263081246615,1
0.399730041623116,0.299805320799351,1
0.496877003908157,0.353867692136765,1
0.52903956823051,0.272178226968646,1
0.520127554833889,0.366624187684059,1
0.498068818747997,0.336432659427234,1
0.675862340629101,0.32308608353138,1
0.595688738748431,0.427859318578243,1
0.773074417710304,0.448736216044426,1
0.626457840055227,0.395308720445633,1
0.447879128456116,0.504739529842138,1
0.586520519852638,0.453845692574978,1
0.803794482052326,0.527316924707592,1
0.728500121980906,0.592480717992783,1
0.777261369153857,0.571292350573838,1
0.783352923318744,0.637420328074694,1
0.879034954309464,0.715203858315945,1
0.876974932551384,0.561440663838387,1
0.905477125346661,0.827698192572594,1
0.893446431159973,0.708940661540627,1
0.813032102882862,0.753974711993337,1
0.83251571059227,0.7054893425107,1
0.930076126083732,0.731776989841461,1
0.861361364424229,0.869381971365214,1
0.877983561754227,0.916286594698578,1
0.955960813462734,0.882580213034153,1
-1.0361747443676,1.00411523412913,1
-1.14660143435001,0.983507931017876,1
-0.988543543070555,0.9598015183568,1
-1.05796227842569,0.922109007543325,1
-0.96663847014308,0.773434489810467,1
-0.962541298568249,0.769705621004105,1
-0.918461372256279,0.929850403690338,1
-0.886487009599805,0.715200639358163,1
-0.798808723837137,0.714822821332514,1
-0.772959340065718,0.597481580877304,1
-0.683842520415783,0.682205139994621,1
-0.703829056322575,0.616163832807541,1
-0.724127127081156,0.562218369489908,1
-0.756383297741413,0.614293492233753,1
-0.69735489718616,0.492873407492042,1
-0.729203062877059,0.43337660446763,1
-0.63317692682147,0.385653364861011,1
-0.646821176484227,0.51123029974699,1
-0.62123019747436,0.267563591814041,1
-0.612514184210449,0.368824598515034,1
-0.531821346282959,0.358189207864925,1
-0.598574634566903,0.331280371727049,1
-0.542980646193027,0.329094598075747,1
-0.487943594306707,0.324615657216311,1
-0.486778811067343,0.181058851265907,1
-0.470019277185202,0.245425115805119,1
-0.516908213049173,0.247347412863374,1
-0.481917896345258,0.187010275161266,1
-0.404011389762163,0.18075690895915,1
-0.460751598775387,0.11623244523406,1
-0.376259859278798,0.16679985107854,1
-0.365252845101058,0.237260653996468,1
-0.363536309115589,0.0981354456305504,1
-0.321532976031303,0.0408938404679298,1
-0.304000835567713,0.142637616747618,1
-0.294708065874875,0.159899193942547,1
-0.450621126890182,0.0363856470227241,1
-0.176219107806683,-0.0581887035608292,1
-0.128645336031914,0.092235916352272,1
-0.183038712739944,0.0761741495519876,1
-0.270851340889931,0.0164384478330612,1
-0.219169531315565,0.0520360591799021,1
-0.143181539922953,0.100451460754871,1
-0.269278376698494,0.0444779971152544,1
-0.0357057255506515,0.0366173221409321,1
-0.0185948520898819,-0.0866773703694344,1
-0.0703423981741071,-0.0415657873511314,1
-0.0844352947920561,0.0397253209412098,1
-0.0837292084097862,-0.083839920425415,1
0.0566040086746216,-0.0704369165658951,1
0.0157992765307427,-0.0203812103718519,1
0.0373924639821053,-0.0335208617806435,1
0.160535366237164,-0.0263780328273773,1
-0.0291483873128891,-0.0306673920094967,1
0.167279848754406,0.0595197935342789,1
0.153484465926886,0.0606621748209,1
0.145055684149265,0.0645777678728104,1
0.134378742296249,-0.161691103363037,1
0.15690252984874,-0.0482828778266907,1
0.251699485182762,-0.0708039523124695,1
0.280754466354847,0.133102619051933,1
0.155590408742428,0.0516869698479772,1
0.173545865118504,0.05236199131459,1
0.27671240106225,0.0490757518470287,1
0.363230502903461,0.0927054313957691,1
0.347410998493433,0.080442824549973,1
0.317706681722775,0.208427357280254,1
0.200847935080528,0.182534019327164,1
0.39800867125392,-0.009757253909111,1
0.477479604184628,0.133226101645827,1
0.449864269793034,0.259806070327759,1
0.399169543832541,0.309580260658264,1
0.397429476082325,0.167649309268594,1
0.536934933662415,0.256456484979391,1
0.404775831401348,0.214415801921487,1
0.485284147784114,0.183941297233105,1
0.459940743148327,0.26791454917714,1
0.59539195984602,0.187515821194649,1
0.46759838372469,0.330076901248097,1
0.5812622353388,0.379119442397356,1
0.57828515060246,0.355948753785342,1
0.601142910197377,0.217906122231483,1
0.737789905965328,0.490587945199013,1
0.503760311603546,0.445693255899847,1
0.760757088959217,0.510852112823725,1
0.606258493661881,0.477079081125558,1
0.868105636239052,0.517456569824461,1
0.749728069417179,0.456278382635117,1
0.806115875244141,0.558128026819229,1
0.752392108291388,0.536936623716354,1
0.898772801458836,0.550388514399529,1
0.809298052154481,0.544898750686646,1
0.865568664073944,0.529135412549973,1
0.885993045419455,0.734110536082089,1
0.847793498188257,0.717472393536568,1
0.894884167797864,0.890851227045059,1
0.972986327558756,0.806579019719362,1
0.841456288993359,0.790041152095795,1
0.969578312747181,0.944780652409792,1
0.869602988958359,0.968824592204392,1
-0.984285317361355,0.995610175654292,1
-0.982617788035423,0.9530299280487,1
-1.11423749387264,0.83775567356348,1
-0.907284224927425,0.97685385838747,1
-0.998407526016235,0.931115865552425,1
-0.837881447374821,0.697687526643276,1
-0.922668227106333,0.927115861797333,1
-0.924655691385269,0.661475029802322,1
-0.843806533990428,0.720240558511019,1
-0.843306449875236,0.667357228656858,1
-0.713640938699245,0.685678358525038,1
-0.844905218780041,0.639781610780954,1
-0.807365974634886,0.556498823261261,1
-0.762548208013177,0.594025394713879,1
-0.776245967745781,0.447056198084354,1
-0.645633284747601,0.432567989230156,1
-0.702483358159661,0.606978471779823,1
-0.608347851634026,0.393959494805336,1
-0.583996917456388,0.483458551681042,1
-0.524241055250168,0.40860986816287,1
-0.577662689983845,0.47905811727047,1
-0.601433543413877,0.221372348809242,1
-0.663908330202103,0.231601867830753,1
-0.418063336014748,0.392565671241283,1
-0.515448334608227,0.19050660469532,1
-0.450614683330059,0.263839663937688,1
-0.487183183450252,0.231192848411947,1
-0.469093671105802,0.334644893145561,1
-0.533928307294846,0.145279546386003,1
-0.363356245756149,0.037391284251213,1
-0.290081092715263,0.118505503833294,1
-0.456443083584309,0.12214718888104,1
-0.377554819583893,0.179870814448595,1
-0.415651973485947,0.119202215088904,1
-0.285681120753288,0.0815441187262535,1
-0.268007724732161,0.10268408447504,1
-0.315003904253244,0.0634051878020167,1
-0.277058020457625,0.0543778681218624,1
-0.289999680370092,0.116671030467749,1
-0.169336469173431,-0.00452407423257829,1
-0.311809983849525,0.0406852960214019,1
-0.226801742166281,0.0567825446814299,1
-0.167443950045854,0.0586405496060848,1
-0.134690568652004,0.0113939342558384,1
-0.0771345709264278,-0.00214423400759697,1
-0.160934022068977,0.0279448146373033,1
-0.197258571088314,-0.0321655835270882,1
0.0614670613408089,-0.0981063409090042,1
-0.0702816983312368,-0.0232525012284517,1
0.0319549213349819,-0.0297740821450949,1
-0.0297393519431352,0.0637287124991417,1
0.0171101586706937,-0.082224725997448,1
0.00703605726361277,-0.0578571344554424,1
0.0946339978277684,-0.0202329004496336,1
0.116625515669584,0.00953849840313196,1
0.0976814340334386,-0.0738204696774483,1
0.0902291171997786,0.0382651596009731,1
0.205640665590763,0.147141527152061,1
0.138297552093864,0.0376807932689786,1
0.268125713169575,0.107329796159267,1
0.231034298241138,0.100922160744667,1
0.270362408161163,-0.0897230801343918,1
0.300684733092785,0.0790440114796162,1
0.271131765320897,0.177422653234005,1
0.216905592679977,0.099438630977273,1
0.24794799387455,0.152642015516758,1
0.325262047983706,0.160142070406675,1
0.280920263528824,0.207033249413967,1
0.398941025733948,0.228455428397656,1
0.328066510260105,0.113241122463346,1
0.456059800088406,0.149574707113206,1
0.421656757085584,0.222784029090405,1
0.511832671761513,0.168067592313886,1
0.532055943310261,0.207270559350401,1
0.434907551407814,0.214866096386313,1
0.499670792662073,0.24837524141185,1
0.548776340186596,0.28235646263659,1
0.604300164580345,0.312573268896341,1
0.676322711110115,0.273278761661053,1
0.585202345084399,0.311302430549264,1
0.636792758852244,0.459738873541355,1
0.534243534207344,0.482654941403866,1
0.617524196729064,0.347919701701403,1
0.637573039010167,0.48153712836504,1
0.678325428692624,0.431617704609037,1
0.691402649320662,0.55661182641983,1
0.676804886460304,0.525587167182565,1
0.642802780270576,0.59804474080205,1
0.871678972840309,0.466155735349655,1
0.802322375327349,0.520792407655716,1
0.733102786540985,0.643543800674379,1
0.786759577393532,0.717999736273289,1
0.987147074341774,0.707810652455688,1
0.812828641980886,0.671524842298031,1
0.828934316635132,0.76667248178795,1
0.844268498569727,0.886125919818878,1
0.940759090781212,0.953589163565636,1
0.855796481072903,0.961077529644966,1
0.875341079235077,0.970789522862435,1
0.900905619859696,0.863365366840363,1
-1.00255024107173,1.02829071506858,1
-1.08734637081623,0.978824931913614,1
-0.983190060630441,0.825175003147125,1
-1.06400161474943,0.808331567502022,1
-1.03100549995899,0.804413687282801,1
-0.780674637854099,0.78161852568388,1
-0.895925152227283,0.731049221479893,1
-0.836243855431676,0.798179884469509,1
-0.912236962616444,0.664325411444902,1
-0.755257770121098,0.566310147249699,1
-0.790789606235921,0.646750736851245,1
-0.847280828952789,0.750105960035324,1
-0.83120256125927,0.552020554935932,1
-0.655069453418255,0.634860313332081,1
-0.764510748237371,0.457189781183004,1
-0.652260494232178,0.495416110623628,1
-0.58956574678421,0.427176031672954,1
-0.657242242097855,0.454177989190817,1
-0.647158418186009,0.433970815604925,1
-0.512063625156879,0.374915526384115,1
-0.51141752153635,0.423093356788158,1
-0.619669681340456,0.471824301028252,1
-0.568854416199028,0.300446638843417,1
-0.50363915130496,0.234870403891802,1
-0.46255617633462,0.321231202417612,1
-0.404756799340248,0.265864554792643,1
-0.554069395661354,0.21999883954376,1
-0.523032798469067,0.436932990288734,1
-0.494733488708735,0.224607867306471,1
-0.432109029106796,0.190893373222649,1
-0.343641748279333,0.149301262423396,1
-0.372729729507118,0.10336178483963,1
-0.359206947977655,0.149995737141371,1
-0.306137066483498,0.136622856235504,1
-0.289088157638907,0.0473794664978981,1
-0.329646001756191,0.0525923633575439,1
-0.295470955520868,0.0796039829744026,1
-0.227599645256996,0.112106076723337,1
-0.187986755520105,0.0804258986026049,1
-0.248964836150408,-0.0282208022832871,1
-0.243584283441305,0.161429368853569,1
-0.143547810912132,0.126018810176849,1
-0.233875077068806,-0.0017231789469719,1
-0.0622481250762939,-0.0389997477173805,1
-0.158851756602526,0.00958446344882249,1
-0.0602970331907272,-0.10844439804554,1
-0.14585942953825,-0.0355984497129917,1
-0.0616490900889039,-0.0167711371868849,1
-0.0963549362123012,0.0700325098991394,1
-0.0104579166322946,0.00774580121934414,1
0.0816169157624245,-0.109166443347931,1
-0.0572421434521675,0.0648754469394684,1
0.145320625007153,-0.0855731713414192,1
-0.00069315224885938,0.0929402770161629,1
0.0808780991774984,0.0862616111278534,1
0.100084727515059,0.00741125036962331,1
0.117339690569788,-0.0970161238074303,1
0.21708964496851,0.0265010867737234,1
0.231478873491287,0.028549042711407,1
0.180613884534687,0.0284507964715362,1
0.21085530500859,-0.00788954183459281,1
0.261770983487368,0.0530416982077062,1
0.207576466500759,0.0795080224633217,1
0.203090923130512,0.073702544721216,1
0.157957433462143,0.00386987533569337,1
0.229231911897659,0.180905882418156,1
0.304314700588584,0.154046269857883,1
0.483404975533485,0.211216459846497,1
0.432369515895844,0.121763968272507,1
0.349632415100932,0.131555983224511,1
0.38015021532774,0.141466105207801,1
0.313089286983013,0.137323627018929,1
0.417914707735181,0.140284345602989,1
0.533386609554291,0.19445904340446,1
0.425465132594109,0.251712704309821,1
0.394583091139793,0.293372463434935,1
0.499438006877899,0.256424472862482,1
0.473282911777496,0.329281262940168,1
0.43207542359829,0.300269415608048,1
0.521484045237303,0.322403330908716,1
0.666552713513374,0.42471648067236,1
0.586059654951096,0.291249421560764,1
0.678818411529064,0.416471046964079,1
0.627595752328634,0.363402503108978,1
0.714164424985647,0.336701061034203,1
0.642201346158981,0.570526381731033,1
0.760670089423657,0.497391832584143,1
0.834827435910702,0.677972270941734,1
0.745823879949749,0.537393783724308,1
0.831902778446674,0.596097223201394,1
0.820924989134073,0.727168082594872,1
0.949263326525688,0.690445920878649,1
0.835731964707375,0.684750701314211,1
0.81531565323472,0.716811447432637,1
0.874769141077995,0.77044844301939,1
0.910705799795687,0.754355431944132,1
0.894962901324034,0.805890858018398,1
0.847597981393337,0.927432506984472,1
1.00375496506691,0.90559518057704,1
0.879498142302036,0.935807550111413,1
-0.925829388201237,1.07959470897913,1
-1.03031083896756,0.918686330103874,1
-1.00961156845093,1.02611406985521,1
-1.0190998712182,0.883623034446713,1
-0.873322734683752,0.793752100163698,1
-0.94856289178133,0.875261214971542,1
-0.949327726960182,0.695323352241516,1
-0.860098698496004,0.727290306268632,1
-0.868000855818391,0.597099027609825,1
-0.786720875352621,0.73530989369154,1
-0.706762719154358,0.593810948878527,1
-0.737966610789299,0.664839202278853,1
-0.752524537723511,0.634228696620464,1
-0.79650756880641,0.487401055938005,1
-0.67834793522954,0.461832345986366,1
-0.77575485855341,0.556729135811329,1
-0.673260770104825,0.442598545381427,1
-0.707168463468552,0.53983693805933,1
-0.617491185069084,0.468490294283628,1
-0.639246872514486,0.266356361234188,1
-0.541578332334757,0.353671005126089,1
-0.625497719198465,0.371012666815519,1
-0.490008329451084,0.308587014681101,1
-0.467540481090546,0.387670468425751,1
-0.538011899664998,0.234189746165276,1
-0.478669609874487,0.271850863471627,1
-0.54162765994668,0.22576457285285,1
-0.518058962225914,0.388384947514534,1
-0.510689037442207,0.196190958261862,1
-0.530669113695621,0.294439295077324,1
-0.377933892980218,0.10905548915267,1
-0.421924882680178,0.17691788392663,1
-0.346416055820882,0.103689490249753,1
-0.344205157980323,0.124694825014472,1
-0.274002801328897,0.032360772395134,1
-0.28207806609571,-0.0292130148410797,1
-0.313107098191977,0.119540530258417,1
-0.363951096534729,0.0166062966942787,1
-0.199866303950548,-0.0569845130085945,1
-0.317455635666847,0.0332948512226343,1
-0.285116356611252,-0.00846959933638573,1
-0.0116245377063751,0.0394721306838095,1
-0.219757135808468,0.0389525971323252,1
-0.174007001668215,-0.0659795294046402,1
-0.189995820522308,-0.0878249236702919,1
-0.0272183254361152,0.00861217197030782,1
-0.0729006481543183,-0.000619041106104853,1
-0.126834598779678,0.0972335697770119,1
-0.162475266456604,-0.022640767583251,1
0.0173671427369118,0.0271548281699419,1
-0.116884119808674,-0.0276217292994261,1
-0.0062151565402746,-0.0139066979944706,1
-0.012488125860691,-0.0213420717805624,1
0.135746476650238,-0.00689530226737261,1
0.0860970187187195,0.015172530592978,1
0.150239711999893,0.0888327381014824,1
0.095643627345562,-0.0401736700296402,1
0.151563075706363,-0.0139051715373993,1
0.15257836304605,0.0848651106417179,1
0.157680156007409,0.0280942060962319,1
0.133938965201378,0.082712613940239,1
0.354849160909653,0.120091155433655,1
0.220995928868651,0.216701128578186,1
0.361323902606964,0.144013854956627,1
0.231926402747631,0.0219038194060326,1
0.361310905963182,0.0820032173395157,1
0.397486351132393,0.060330076867342,1
0.310001488924027,0.128774346648157,1
0.435606815516949,0.0895824845790863,1
0.424446412473917,0.194727718257904,1
0.415970792621374,0.154136245455593,1
0.48914147734642,0.199095967927575,1
0.391998103410006,0.271700651502609,1
0.487233442291617,0.149066010451317,1
0.537476557791233,0.191295981639624,1
0.474899144843221,0.232442155480385,1
0.57621400475502,0.189940517032146,1
0.52700366448611,0.144873823857307,1
0.55807398149278,0.326737558475137,1
0.654810899794102,0.349763962993026,1
0.698668061196804,0.310673878192902,1
0.625124258808792,0.299201724255085,1
0.65364472322166,0.30727399430275,1
0.672952606193721,0.385814557349682,1
0.64421454846859,0.325116734409332,1
0.627026636898518,0.513617424070835,1
0.768050984740257,0.601899886095524,1
0.660504361391067,0.63956787327528,1
0.916667917966843,0.587514007969201,1
0.765638814978302,0.491993834936619,1
0.852386108785868,0.694088696837425,1
0.865267067849636,0.771590346896649,1
0.882802039533854,0.838453493094444,1
0.782879621386528,0.590229955530167,1
0.922003531008959,0.661991145932674,1
0.883087783679366,0.845245604813099,1
0.888683142215014,0.850609497943521,1
1.00721724569798,0.851311042612791,1
0.938530436754227,0.926739576271177,1
1.14621570289135,0.901786718302965,1
-1.00077831634553,1.05578944459558,1
-0.964753154218197,1.00228662022352,1
-0.882428987920284,1.02569674048424,1
-1.0489022308588,0.863971944606304,1
-0.843082232475281,0.832778368921578,1
-1.03804696500301,0.772176118046045,1
-0.953697313666344,0.900113750720024,1
-0.743229821920395,0.789974690443277,1
-0.833022155947983,0.749861232018471,1
-0.841750507876277,0.652353050613403,1
-0.728734615445137,0.676601856350899,1
-0.904262854456902,0.580858841279149,1
-0.811664274185896,0.566033274440467,1
-0.721137819588184,0.594016312456131,1
-0.719903689786151,0.462955636495352,1
-0.648316313326359,0.465293507799506,1
-0.657627448737621,0.488532434606552,1
-0.636202446967363,0.51661836591959,1
-0.61950528934598,0.384798365747929,1
-0.588678127974272,0.389506575787067,1
-0.551355390250683,0.273922861218452,1
-0.517442451715469,0.275250678503513,1
-0.525875331312418,0.368455074733496,1
-0.490522243976593,0.244465853905678,1
-0.561440144181252,0.287056074672937,1
-0.525150103494525,0.351968191564083,1
-0.527232668846846,0.230569985869434,1
-0.387419155836105,0.158698921984434,1
-0.37384861946106,0.277105563437939,1
-0.462258180677891,0.0969063208937645,1
-0.419588747993112,0.155085706934333,1
-0.352338838502765,0.171038919487596,1
-0.402236231267452,0.0075659941792488,1
-0.273548636734486,0.132187736085057,1
-0.428220800757408,-0.0411394436120987,1
-0.18366661220789,0.198790449798107,1
-0.331541306078434,-0.0168190086245537,1
-0.238278249502182,0.0483080291211605,1
-0.293791217505932,0.0585893940296024,1
-0.358845518231392,0.064224481844902,1
-0.152094793319702,0.0108254486322403,1
-0.0564359876513481,-0.00909739071726799,1
-0.214257556796074,0.00571615499854087,1
-0.243461012244225,0.043713405495882,1
-0.136463531181216,0.105301613235474,1
-0.150800889730453,0.0548626056313515,1
-0.188966089785099,-0.00984309085309506,1
-0.138410759568214,0.0576122576057911,1
-0.0425004998315126,-0.174309593701363,1
-0.0379087929427624,0.00939108685553074,1
0.0134888915345073,-0.0989426523447037,1
0.0729745668172836,0.00171517800036818,1
0.0683897202461958,-0.0114022093653679,1
0.124146012067795,-0.112538316690922,1
0.0723081696033478,-0.0616006965994835,1
-0.0539173871278763,-0.0233241783082485,1
0.248334626555443,0.0796447417378426,1
0.0979153545200825,0.00241250335276127,1
0.146260676756501,-0.0828681302309036,1
0.153132351413369,0.027576634285599,1
0.133878287672997,-0.0635169139504433,1
0.233361224904656,0.0424677247941494,1
0.36738299369812,-0.0349905928015709,1
0.330872500538826,-0.0429324849486351,1
0.156649171113968,0.0844150176286698,1
0.334748408943415,0.0933131565432996,1
0.303707558363676,-0.00883851686716079,1
0.23773540943861,-0.0224506306886673,1
0.354287529028952,0.0819879401385784,1
0.419648275822401,0.0874582262575626,1
0.470352040231228,0.189537070542574,1
0.414678681716323,0.18242817023173,1
0.517760428190231,0.266285144841671,1
0.503203134089708,0.207186191304028,1
0.5590930762887,0.286011290037632,1
0.470973303541541,0.238656017929316,1
0.558531143218279,0.220217180633545,1
0.402603321671486,0.25243565056324,1
0.555352158788592,0.379165891563892,1
0.593230290263891,0.22384879513979,1
0.628803335502744,0.388358984738588,1
0.655348538309336,0.440195349180698,1
0.629627500064671,0.469695872730017,1
0.603448815494776,0.36819659409523,1
0.636897851079702,0.519440862739086,1
0.766985189914703,0.551809368431568,1
0.766850178390741,0.595154458248615,1
0.613346909880638,0.503418898975849,1
0.689631225764751,0.617125713771582,1
0.756224660873413,0.559795746320486,1
0.753850235790014,0.57727920204401,1
0.790107914879918,0.634813407862187,1
0.761482466161251,0.622061929678917,1
0.784970865249634,0.74249737037383,1
0.98463111102581,0.694585305178165,1
0.929876537621021,0.823998070731759,1
0.994950233101845,0.802658680671454,1
0.833508620560169,0.886939671064168,1
1.03609202712774,0.863899544811249,1
1.0196365262568,0.895467117214203,1
-0.993900890462101,0.917218700051308,1
-0.906844835281372,0.904284436041117,1
-1.02615351140499,0.799662464296818,1
-0.943294616239145,0.874463787941635,1
-0.864880727678537,0.83599119617939,1
-0.923525299504399,0.854665586203337,1
-0.943558578491211,0.822987370663881,1
-0.940801911652088,0.74692656987384,1
-0.822150407508016,0.70662020741906,1
-0.861112024337053,0.69225821314156,1
-0.759051214158535,0.677234749644995,1
-0.78286813522689,0.635064869859815,1
-0.760413315952756,0.507745397782326,1
-0.75786775700748,0.530418150892854,1
-0.824683794081211,0.483316903525591,1
-0.702389522735029,0.414668483436108,1
-0.651571356058121,0.476921788805723,1
-0.663755386220291,0.368391545987129,1
-0.556276030242443,0.485493275439739,1
-0.622714185742661,0.373716729828715,1
-0.634169491380453,0.232642323374748,1
-0.504893550574779,0.308025659614801,1
-0.522049290537834,0.317344364483282,1
-0.474231713414192,0.325805302596092,1
-0.524646200221032,0.383461040639877,1
-0.497517829760909,0.218267675489187,1
-0.589929151833057,0.131367687368393,1
-0.390769637227058,0.188839780128002,1
-0.503770033419132,0.246238661116362,1
-0.411423725150526,0.271007420265675,1
-0.39273315584287,0.337293226122856,1
-0.357871216833591,0.143365179547668,1
-0.32403019875288,0.129371979128127,1
-0.320396723374724,0.117717426367477,1
-0.335523632057011,0.0880268363073468,1
-0.392248938977718,0.177051421403885,1
-0.312672237604856,-0.0298845330238342,1
-0.148997055590153,0.0390412875473499,1
-0.242580451546237,0.0931087965726852,1
-0.164101840257645,-0.0444777307271957,1
-0.143831350654364,0.0737721630930901,1
-0.0896580743789673,0.0361975795567036,1
-0.105904836058617,0.0500014468044042,1
-0.0775576078891754,-0.0572300294876099,1
-0.0540251237154007,0.0122898360859603,1
-0.135301193594933,0.0251493242010474,1
-0.024415420293808,-0.0601437504649162,1
-0.0811452431976795,-0.0482634133040905,1
0.0322596049308777,-0.0071061207741499,1
0.125340979099274,-0.0443972342371941,1
-0.0488736853003502,0.0106586972251534,1
-0.0580111849308014,0.0124374783873558,1
0.00444396674633028,0.061728465294838,1
-0.0229376056790352,0.00130148447714746,1
0.0288852173089981,-0.0348267968058586,1
0.172947286069393,-0.0767472216486931,1
0.0636377249658108,-0.00622656730413436,1
0.0769241073727608,0.18906966946125,1
0.209677722156048,0.0939499351143837,1
0.180872270145919,0.116436663174629,1
0.30330768674612,0.0247074113786221,1
0.183391594588757,0.0831739830613136,1
0.172450212538242,0.0583413429557346,1
0.205554058998823,0.156700643992424,1
0.304028327316046,0.0305746262907982,1
0.299037267290987,0.0099226647615433,1
0.224151596128941,0.0931077187672257,1
0.327278748303652,0.173570732450485,1
0.406798534691334,0.162953213220835,1
0.321680263727903,0.141444280869886,1
0.326307946443558,0.251786414384842,1
0.473403839468956,0.151588925862312,1
0.464056563153863,0.203896707972884,1
0.486607215404511,0.251924967354536,1
0.569616738259792,0.268769163870812,1
0.516735266894102,0.272724634036422,1
0.584290188252926,0.223118164771795,1
0.565296654552221,0.200425568854809,1
0.587146585285664,0.360987111932039,1
0.606548536494374,0.308953115338087,1
0.619754687324166,0.345714299604297,1
0.712485375702381,0.374520526403189,1
0.739592745304108,0.281528289532661,1
0.642521096244454,0.422101153558493,1
0.748968415260315,0.492993011528254,1
0.649081510305405,0.474953545965254,1
0.571335123181343,0.580133260750771,1
0.75852628774941,0.709426193332672,1
0.759024526623543,0.647592698729038,1
0.647818087339401,0.6269213573277,1
0.810667842812836,0.640347583292751,1
0.692528567910194,0.70760579636097,1
0.828553946837783,0.645983564680815,1
0.813893013298511,0.78959404028058,1
0.896168076545,0.819094270938635,1
0.794172817468643,0.890783605575562,1
0.830901620984077,0.832439799638093,1
1.05279883980751,0.863955765670538,1
0.949845657721162,0.946893827056885,1
0.957228797972202,0.978219104716182,1
-1.87941651791334,0.654717907309532,2
-1.93599441975355,0.592152819252014,2
-1.89485333025455,0.55168707203269,2
-1.87041680008173,0.654638998502493,2
-1.92706911738962,0.627497781223059,2
-1.88407290130854,0.720416939407587,2
-1.83922410488129,0.680494956201315,2
-1.8560048859939,0.777882319846749,2
-1.77984546512365,0.835353945368528,2
-1.75326663225889,0.869743426835537,2
-1.90614607483149,0.84179311491549,2
-1.72970649853349,0.929270500576496,2
-1.7237605138123,0.88663314884305,2
-1.81947032898664,1.02133609464169,2
-1.67121888816357,0.981977223273972,2
-1.65969739183784,1.03097408100963,2
-1.70824196405709,1.12655724266768,2
-1.7058498634398,1.10405810313821,2
-1.78571514725685,1.1763641879797,2
-1.59089693881571,1.13019636725485,2
-1.58843807913363,1.17182810172439,2
-1.6744988578558,1.32851182148457,2
-1.51624174177647,1.18604723701123,2
-1.59787256360054,1.18614585522711,2
-1.53871173083782,1.25738544835746,2
-1.52872683107853,1.29342257976532,2
-1.41457117676735,1.24388105399013,2
-1.34417758047581,1.33417606543899,2
-1.49710359290242,1.40917771949768,2
-1.38444968506694,1.3114906942904,2
-1.39758016061969,1.30000330522656,2
-1.31568813800812,1.43903061059713,2
-1.30718698039651,1.34569871203005,2
-1.34291665759869,1.39209831286743,2
-1.26098643213511,1.44094784299135,2
-1.24328764826059,1.4902003890276,2
-1.40864974141121,1.41583678405583,2
-1.24669095896184,1.3702772303462,2
-1.31966887205839,1.48698392038941,2
-1.23741511374712,1.32574912879467,2
-1.15691427960992,1.41449004694819,2
-1.19383656729013,1.41052541593313,2
-1.17527105923742,1.504628395015,2
-1.10985692344606,1.36276054778099,2
-1.08710484474897,1.50229967733324,2
-1.04591087847948,1.54118645355105,2
-1.01076611310244,1.39660894528627,2
-1.01375314727426,1.42208098753691,2
-0.884341948628426,1.32643180813789,2
-1.0826580491662,1.45356379008889,2
-1.03474827855825,1.46723001822829,2
-0.96441372718662,1.46979861824811,2
-0.929010250642896,1.49740787882507,2
-0.942617450430989,1.45431317149997,2
-0.919304276250768,1.53405518487692,2
-0.772238516807556,1.41309504747391,2
-0.864547144733369,1.60830215153694,2
-0.851436899639666,1.30963087477684,2
-0.906437348723412,1.46659414871186,2
-0.880249753296375,1.48756111311018,2
-0.897707487642765,1.41618692040443,2
-0.83392275005579,1.52320579413176,2
-0.730124373212457,1.5118747120142,2
-0.81458483427763,1.37209513475895,2
-0.789674022495747,1.50827704463005,2
-0.650690612196922,1.49369900286198,2
-0.589137271344662,1.29458485285044,2
-0.637831833064556,1.39635813249797,2
-0.619008484631777,1.41939031668901,2
-0.670005748867989,1.28035476861,2
-0.582264010235667,1.48111399650574,2
-0.561666959822178,1.39663918153048,2
-0.610686430186033,1.27972113608718,2
-0.572078772783279,1.26968848522902,2
-0.552749455422163,1.29552730149627,2
-0.440346620976925,1.25568907475099,2
-0.569515186846256,1.31889011970758,2
-0.559822573363781,1.25011746969223,2
-0.515321175158024,1.14376911147833,2
-0.396478785276413,1.27937026546001,2
-0.332985290884972,1.16947442792356,2
-0.363070222660899,1.13006267217398,2
-0.451095678508282,1.05522634544373,2
-0.373383268862963,1.03664656306207,2
-0.394773699045181,0.97844495306015,2
-0.254443499445915,1.01291328202002,2
-0.304341451004147,0.960729811748862,2
-0.250912803448737,0.888490908944607,2
-0.214332697689533,0.87514468138814,2
-0.199312125593424,0.910608498638868,2
-0.1349225461483,0.866213070359081,2
-0.0482332932949066,0.714239058589935,2
-0.138089332580566,0.824096498066187,2
-0.0504850143194199,0.811903725349903,2
-0.0982090093940496,0.716980193270743,2
-0.139761066436768,0.778176444172859,2
-0.0591585002094507,0.679411588391662,2
-0.0885190269351005,0.697750721418857,2
0.029766253232956,0.638999453747272,2
-0.0000702836364506743,0.582579747056961,2
-2.06356738507748,0.439943876117468,2
-1.87049664884806,0.613138325726986,2
-1.94718058783561,0.663197888994217,2
-2.00235867738724,0.559044126713276,2
-1.96455065727234,0.712247342026234,2
-1.88987575247884,0.70863656938076,2
-1.89113232038915,0.717084905593097,2
-1.82303025260568,0.802657163673639,2
-1.8341677316092,0.694940515780449,2
-1.76936008378863,0.899607790207863,2
-1.83808607533574,0.917357288897037,2
-1.83576726794243,0.797253104186058,2
-1.83928413152695,0.851448612713814,2
-1.71951544821262,0.921986510211229,2
-1.70083442077041,0.897955200111866,2
-1.64700662791729,1.07603539735079,2
-1.6910186226666,1.00141272003055,2
-1.68975969947875,0.934390229606628,2
-1.62678106721491,1.12041444786787,2
-1.66177017882466,1.17551520732641,2
-1.60203634682111,1.04555068105459,2
-1.61185049071908,1.1707275010705,2
-1.56454503018409,1.22468686848283,2
-1.52885349649936,1.18473929550648,2
-1.49223563678563,1.11079065016508,2
-1.49054929148406,1.27377382665873,2
-1.53330451205373,1.29764404310882,2
-1.55067916125059,1.35764123317003,2
-1.52271168172359,1.31083860143423,2
-1.53523911356926,1.41686351433992,2
-1.32256440222263,1.36186150103807,2
-1.53223532915115,1.26068387237787,2
-1.2765715277195,1.32232076265812,2
-1.34380683410913,1.3696287741378,2
-1.3714902099967,1.4586875338316,2
-1.19724132418633,1.37965247578919,2
-1.19811583936214,1.49242552462816,2
-1.21546732842922,1.41655197990835,2
-1.29386373400688,1.40557749843001,2
-1.20899129778147,1.38515795741081,2
-1.21185814011842,1.39998119235039,2
-1.21617108613253,1.46860267364178,2
-1.09085717409849,1.42577068629265,2
-1.16882683463395,1.32824446656704,2
-1.10856460675597,1.43808357951641,2
-1.03189074099064,1.53413779824972,2
-1.11080150671303,1.46751994297504,2
-1.13101114094257,1.54269203304648,2
-1.08118575900793,1.4806411518544,2
-1.01754419573583,1.46722043982744,2
-0.948622327297926,1.52476755715907,2
-0.874311212003231,1.46871815926433,2
-1.05639821201563,1.50438160736263,2
-0.869531626403332,1.39779722824097,2
-0.991457572281361,1.42789897725582,2
-0.882614122331142,1.41768906056881,2
-0.824279417395592,1.47634482824653,2
-0.788102739155292,1.46641833358407,2
-0.861893283352256,1.43066072958112,2
-0.791068339422345,1.548794922328,2
-0.767905312776566,1.47521457266062,2
-0.76821718338877,1.36405926171541,2
-0.734997906014323,1.47720684012175,2
-0.769608005657792,1.3788013427496,2
-0.851813019514084,1.35404637548923,2
-0.811537784337997,1.41517284031957,2
-0.670283033810556,1.50942247102261,2
-0.670387565940618,1.40314093338847,2
-0.604162044227123,1.35120369271338,2
-0.756555269360542,1.41157844719887,2
-0.507494753599167,1.3707572633028,2
-0.586910853553563,1.29754230216742,2
-0.662548263967037,1.2716786552906,2
-0.547065848913044,1.36836819913387,2
-0.464286726415157,1.18629301688671,2
-0.535720620304346,1.26293415762484,2
-0.412051315903664,1.23633790462315,2
-0.480898342132568,1.25514649238586,2
-0.457098650336266,1.17771395574659,2
-0.360260164439678,1.1119899101615,2
-0.311009274423122,1.143789301496,2
-0.341873587220907,1.27820479390621,2
-0.360858723360579,1.01996990003586,2
-0.287745703160763,1.01255094396472,2
-0.379608370065689,0.942828853225708,2
-0.309801719337702,1.00520690133795,2
-0.209507717490196,1.00091849122047,2
-0.223611830025911,0.949841282728687,2
-0.218382740169764,0.845601501369476,2
-0.281296593397856,0.818375813102722,2
-0.280185577273369,0.94873824775219,2
-0.228718389123678,0.859192201441526,2
-0.151311492398381,0.778265987509489,2
-0.000186189413070692,0.721078771138191,2
-0.132873116880655,0.692736278748512,2
-0.0930983916856348,0.586222785115242,2
0.0248462241888047,0.755193814790249,2
-0.0853781750798225,0.615001011116989,2
0.0422269767522813,0.503261863255501,2
0.0470460388064385,0.565360458782315,2
-1.98068689927459,0.506689297035336,2
-1.92572967663407,0.612867057538033,2
-1.95235428497195,0.630622285419703,2
-1.92028557933867,0.500733238005638,2
-1.86793448969722,0.678944397872686,2
-1.85052161812782,0.690738415459637,2
-1.8883554238081,0.762811939692497,2
-1.92977081298828,0.738364151650667,2
-1.81824301198125,0.77251970114708,2
-1.80267421685159,0.795276348984242,2
-1.84872359335423,0.892342739403248,2
-1.8527900415659,0.925022343432903,2
-1.78504403889179,1.02217161884308,2
-1.78585798829794,0.868331679308414,2
-1.77766322091222,0.963167798182368,2
-1.64610817730427,1.07459753960371,2
-1.68542797055095,1.033608743532,2
-1.74785302937031,1.0730850207299,2
-1.64992577057332,1.07968959760815,2
-1.70212212473154,1.05026675281525,2
-1.52316210269928,1.18380594193935,2
-1.606203263551,1.09533211812973,2
-1.57364186685532,1.18873777682297,2
-1.57250580653548,1.21269029017687,2
-1.50098023608327,1.19778194910884,2
-1.49534569960088,1.2544103753753,2
-1.55629343867302,1.28617020114362,2
-1.43424072213471,1.3824081551671,2
-1.40201226115227,1.31234920152798,2
-1.42529660983011,1.21094066486359,2
-1.36799494698644,1.44538899153471,2
-1.39782076992095,1.33281087560058,2
-1.26270958095789,1.27932069786787,2
-1.28692451879382,1.45596126946211,2
-1.2387702909112,1.29791711757183,2
-1.36416524201632,1.46139829218388,2
-1.22727542623878,1.47705565485954,2
-1.23914982773364,1.45357113955319,2
-1.19794488117099,1.51230064680576,2
-1.16870851561427,1.45095496004764,2
-1.28834072202444,1.48724975533783,2
-1.26859775215387,1.47711633788645,2
-1.21584137514234,1.49507123912275,2
-1.19078093707561,1.35017115273476,2
-1.01856341481209,1.42222943691015,2
-1.06672895550728,1.43699888303876,2
-1.13954329669476,1.49880415557548,2
-1.004266051054,1.31728945806026,2
-1.14883085429668,1.51893640782833,2
-1.04498440444469,1.45341594449282,2
-0.938907831907272,1.48327587731183,2
-1.00140750735998,1.51432269184887,2
-0.88057541012764,1.53817824375033,2
-0.990810027867556,1.52403957157731,2
-0.950625624582171,1.45506622300148,2
-0.910221131145954,1.52583019971848,2
-0.895746794641018,1.52244122860432,2
-0.92458605080843,1.3930984924078,2
-0.793187085688114,1.48723841207623,2
-0.7925780505687,1.51548080975413,2
-0.929178702831268,1.48718148566782,2
-0.839239201247692,1.43862739179134,2
-0.682257527709007,1.45997045276463,2
-0.78419132322073,1.44970735599995,2
-0.768646233975887,1.4462502161026,2
-0.676550368592143,1.3703408947587,2
-0.785269998311996,1.45970772320628,2
-0.653108429014683,1.41294932844639,2
-0.534743852317333,1.31973136925101,2
-0.600278948321939,1.46233310607672,2
-0.569516510143876,1.29199865847826,2
-0.608350995853543,1.55153857753277,2
-0.634081622064114,1.32894663221538,2
-0.587533612698317,1.1813915651679,2
-0.554554377198219,1.25416536140293,2
-0.449324209243059,1.28150264918804,2
-0.44748099848628,1.25979000962377,2
-0.528010807037353,1.12650158640146,2
-0.451978296563029,1.23078903182745,2
-0.414058516807854,1.19761156142354,2
-0.383375931158662,1.25790744960308,2
-0.369576526917517,1.10177856670171,2
-0.33573128901422,1.13157891564965,2
-0.269233223199844,1.12959206613302,2
-0.347706887573004,0.958938178217411,2
-0.385478469729423,0.984236929789185,2
-0.277981541324407,0.900097070670128,2
-0.291422138214111,0.918691800141335,2
-0.21417745180428,0.893228626304865,2
-0.210283729508519,0.874977581462264,2
-0.168021176755428,0.849385229535401,2
-0.162048964127898,0.808974196708202,2
-0.0516356191039085,0.795940526165627,2
-0.214246443808079,0.724577399873734,2
-0.0222894278168678,0.781416270411015,2
-0.060501417517662,0.772722634077072,2
-0.177240425646305,0.625973932600021,2
-0.0756477913260459,0.69745543255806,2
-0.0317034031823277,0.662884748542309,2
-0.101272065639496,0.534623271534592,2
-1.98207494989038,0.5338139757514,2
-1.98384347653016,0.525962116411328,2
-2.01017722398043,0.528427227401733,2
-1.90962041221559,0.59072254627347,2
-1.92810245238245,0.682952404177189,2
-1.91793884858489,0.641359264552593,2
-1.71224938809872,0.677043716883659,2
-1.93548057287931,0.75248206217736,2
-1.75876745223999,0.816349553862214,2
-1.87791156366467,0.800038210621476,2
-1.86073641031981,0.883995550349355,2
-1.79314034033567,0.872351931667328,2
-1.71747270062566,0.833935374820232,2
-1.67669885396957,0.969474141651392,2
-1.63148844361305,0.944041571056843,2
-1.69495974322781,1.19443271517754,2
-1.65844743542373,1.00794818306565,2
-1.62587906777859,1.03952735240161,2
-1.70017576530576,1.15658677824736,2
-1.52301811695099,1.14059667927623,2
-1.6706649646163,1.15487273629755,2
-1.60213495783508,1.23536545262337,2
-1.68622611224651,1.21771395950913,2
-1.64871051996946,1.17392138403058,2
-1.50658267781138,1.27962393573523,2
-1.43431732058525,1.20107636600733,2
-1.48122434063815,1.25812534312755,2
-1.54875338733196,1.33308786343932,2
-1.53872955083847,1.37785394384861,2
-1.50553505688906,1.25872681871653,2
-1.44395695403218,1.40317447125912,2
-1.32306797906756,1.29221788851023,2
-1.2153474843502,1.39915848673284,2
-1.38565298184752,1.43703638868928,2
-1.33868336647749,1.40847994687259,2
-1.27934482246637,1.42755147986114,2
-1.25121359594166,1.41515521565303,2
-1.19588921427727,1.42290255026668,2
-1.18314680621028,1.50312685495019,2
-1.15548594415188,1.41314771745205,2
-1.24588089883327,1.44565237689763,2
-1.15685192711651,1.3153234095335,2
-1.19902580589056,1.46425005263239,2
-1.09911299437284,1.4853264212139,2
-1.16071075469255,1.40914795336723,2
-1.06535513177514,1.50274472754449,2
-1.04240473911166,1.50660935167819,2
-1.07704302802682,1.36274355783463,2
-0.918546312451363,1.54452807929516,2
-0.970592193752527,1.54434833607674,2
-1.06104285269976,1.51320579275489,2
-1.07468834847212,1.55088850415349,2
-0.807369968891144,1.63661938633919,2
-0.828320572674274,1.53499020397067,2
-0.949175560921431,1.53644838587046,2
-0.922580705583096,1.51893348783255,2
-0.944306691288948,1.51487627041936,2
-0.856342450147495,1.39417229243517,2
-0.876326982080936,1.44053435074687,2
-0.825589173641056,1.46395305069387,2
-0.831266208738089,1.34712517917156,2
-0.909256740212441,1.49358339954019,2
-0.776396056860685,1.36651593347788,2
-0.634107960164547,1.46636656364202,2
-0.744602063000202,1.44455514009893,2
-0.773257386684418,1.36262557640672,2
-0.55205708026886,1.46638664344549,2
-0.661978168031201,1.25395420672894,2
-0.589472196400165,1.3209726993084,2
-0.733228440284729,1.32526815553606,2
-0.566541726142168,1.37729439526796,2
-0.550617329701781,1.26338105485439,2
-0.624900130033493,1.30846706486642,2
-0.47241585791111,1.3314331081152,2
-0.562478449642658,1.18429218581915,2
-0.480335209518671,1.26836352981627,2
-0.527701247036457,1.22607321738303,2
-0.421923666298389,1.09308205928802,2
-0.474233763813972,1.25965025647879,2
-0.461146211326122,1.08104010150433,2
-0.32229039222002,1.07188185244799,2
-0.364222050756216,1.20118414131403,2
-0.414368134588003,1.10279691767842,2
-0.340212289058254,1.15436110409498,2
-0.301033453717828,1.07456278855205,2
-0.277290902286768,0.984795451387763,2
-0.258779731318355,1.03638402972221,2
-0.282942643612623,0.905649778598547,2
-0.334451896846294,0.972744031304121,2
-0.255804476588964,0.840509562081099,2
-0.217931614071131,0.822817586958408,2
-0.296669811308384,0.857413753440976,2
-0.180430706441402,0.866109312498569,2
-0.0905816251039505,0.740099889197946,2
-0.206824886500835,0.661645736074448,2
-0.161470750719309,0.70014260482043,2
-0.0143715533614158,0.683082465237379,2
0.0566622936725617,0.62048526789397,2
-0.135103390514851,0.50734122004509,2
-0.00729343339800825,0.432050593411922,2
-2.09055778384209,0.44738782569766,2
-2.0200183275342,0.553897331683338,2
-1.99543760254979,0.489745638334751,2
-1.86214842885733,0.684197817289829,2
-1.97226579681039,0.660244811015576,2
-1.86533616259694,0.635974234491587,2
-1.86615973070264,0.862454946613312,2
-1.90585464298725,0.792365177506208,2
-1.86170034125447,0.873900444233418,2
-1.88392052769661,0.682162312364578,2
-1.78025691322982,0.83753525339067,2
-1.78785602256656,0.946655342614651,2
-1.77981122978032,0.952151997441053,2
-1.75396567933261,0.94297559389621,2
-1.70834815900773,0.914793072676659,2
-1.70415942026302,0.984874721840024,2
-1.7364979724586,1.11416079530716,2
-1.72066077575088,0.955270407223701,2
-1.59126425102353,1.07785079152286,2
-1.58076289191842,1.12291475465,2
-1.523315115273,1.15864092983305,2
-1.66953450620174,1.31784662828445,2
-1.54939573857933,1.16770326159298,2
-1.47239549547434,1.19082311924696,2
-1.54109326049685,1.17623409888744,2
-1.50317115848884,1.25688909227028,2
-1.59455652117729,1.2048672547102,2
-1.381062245965,1.18869260516167,2
-1.43486191803589,1.32026880502105,2
-1.4699439202249,1.34405133151114,2
-1.42744179777801,1.30160377189517,2
-1.41035452030599,1.30952913743854,2
-1.3515850199759,1.28532097824812,2
-1.4333797955513,1.44502507629395,2
-1.30387409560382,1.35216272363663,2
-1.280967592448,1.45453633725643,2
-1.29320576388389,1.47976358327866,2
-1.23182422317564,1.45860897255838,2
-1.32605490624905,1.48351366719007,2
-1.26060729593039,1.45276102432366,2
-1.29196919202805,1.49473668172956,2
-1.20861084602773,1.40170788476467,2
-1.10544127583504,1.45730949501097,2
-1.08993680715561,1.39970545866489,2
-1.20824662864208,1.53419636723995,2
-1.1446245148778,1.57221203833818,2
-1.24365949809551,1.50821084373295,2
-1.01201136171818,1.50027003622018,2
-1.0348692494072,1.50594538271576,2
-0.936992858052254,1.60687665573359,2
-1.01594758778811,1.47403845749795,2
-1.000303953439,1.56199221617579,2
-0.863289772570133,1.40340408411026,2
-0.977712663412094,1.46517397596836,2
-0.912664477787912,1.44857724413872,2
-0.935237301141024,1.61744943797588,2
-1.01072608411312,1.39460517255068,2
-0.736550763845444,1.54136582114696,2
-0.900624416917562,1.50597271072268,2
-0.737449742555618,1.43944335999191,2
-0.981627199053764,1.46051160820294,2
-0.700200921595097,1.37462357405424,2
-0.705460714399815,1.43426824820936,2
-0.75560369040817,1.47065947642326,2
-0.72995350535959,1.39839693810642,2
-0.746461187303066,1.35115214422345,2
-0.680327122834278,1.42117740886509,2
-0.539254721105099,1.30005128415823,2
-0.559570997357368,1.45068426766396,2
-0.564280501455069,1.33664874789715,2
-0.599373348313384,1.4359256067872,2
-0.582856302307919,1.21707469806671,2
-0.600981288999319,1.22818004235029,2
-0.481597331315279,1.32544202547669,2
-0.604992565214634,1.09125613770485,2
-0.463130783289671,1.23841204680502,2
-0.521145332157612,1.18390608093739,2
-0.539778544604778,1.27396878238916,2
-0.364280717968941,1.15563712082207,2
-0.420467007863335,1.37097610757351,2
-0.353249838203192,1.10485579386353,2
-0.516307582259178,1.12530148481429,2
-0.235671893358231,1.07148629509807,2
-0.371001344323158,0.984200974428654,2
-0.396717279851437,1.06965132111907,2
-0.238568476587534,1.01910075288266,2
-0.387287243008614,0.976077774016559,2
-0.299370641112328,0.920232278460264,2
-0.269680009931326,1.00767041226625,2
-0.33326564848423,0.893249557147175,2
-0.085819137096405,0.793814845979214,2
-0.227978729009628,0.883530126458406,2
-0.10231540709734,0.845587727600336,2
-0.189412809312344,0.86337092795372,2
-0.177662311941385,0.813524636900425,2
-0.0699883908033371,0.650613325238228,2
-0.189229177236557,0.667484189538658,2
-0.0248338444530963,0.526635546529293,2
-0.0160617054998874,0.705163239502907,2
-0.0515261483192443,0.398220047569275,2
-2.06896682828665,0.547042816877365,2
-2.03547523871064,0.44683118185997,2
-2.00413622245193,0.562323813328147,2
-1.96253922633827,0.584961459332705,2
-1.93177489943802,0.596127364939451,2
-1.9516844689846,0.782130094766617,2
-1.79307777166367,0.774714968627691,2
-1.83531461343169,0.671302172327042,2
-1.86910386584699,0.835385349565745,2
-1.84732906676829,0.871475351548195,2
-1.83076453506947,0.842401406392455,2
-1.71035038560629,1.00841748181581,2
-1.76933779776096,0.68965398004055,2
-1.74438166689128,0.872331687414646,2
-1.79019460946321,0.954574674776197,2
-1.60668638050556,0.970010383278131,2
-1.62954037666321,0.958635006642342,2
-1.56304264426231,1.04101875933409,2
-1.68002917930484,1.02654199757576,2
-1.57312542840838,1.12606026684344,2
-1.56248457953334,1.05138404607773,2
-1.6610789167881,1.17171414606869,2
-1.60253171756864,1.07082642986774,2
-1.44127605944872,1.21652131445855,2
-1.55943591937423,1.17615084237456,2
-1.57207549363375,1.14953224360943,2
-1.47570295028388,1.19442472211123,2
-1.47257338002324,1.30859711770117,2
-1.40024221926928,1.31210653798059,2
-1.44313105762005,1.30845698271543,2
-1.43840940073133,1.3741555736959,2
-1.38045580958249,1.42749548760653,2
-1.40421833902597,1.34947700575888,2
-1.27100174516439,1.41410607019961,2
-1.28391947939992,1.33639647925496,2
-1.31172000449151,1.44739631548524,2
-1.2670382277295,1.46002344135046,2
-1.2424515003711,1.44893726398945,2
-1.30914828717709,1.45325040997714,2
-1.18095917373896,1.39557722184658,2
-1.16737306192517,1.49411620482802,2
-1.13316496863961,1.33302794108391,2
-1.18761713042855,1.40476513775587,2
-1.08208225607872,1.52768798940778,2
-1.11599385866895,1.45104764563441,2
-1.16980061531067,1.45078893169761,2
-1.08712395086885,1.4647154922843,2
-1.04404083773494,1.42165277286768,2
-1.11365796715021,1.40592000361681,2
-1.09587483525276,1.49151859923303,2
-1.01575181819499,1.52241613715887,2
-0.892246637046337,1.50052559342738,2
-1.02613298505545,1.60060776498318,2
-0.830197232365608,1.54253404721022,2
-0.843715643584728,1.58501776710749,2
-0.967292891442776,1.45584755182266,2
-0.905688659399748,1.46238817994893,2
-0.967855819165707,1.44570723571777,2
-0.827954990006983,1.561407984519,2
-0.838069460988045,1.4599345586285,2
-0.673309478163719,1.44775530885905,2
-0.828517722636461,1.3934921507895,2
-0.703188417702913,1.42784444330037,2
-0.734949283543974,1.42040515662879,2
-0.583426819443703,1.30887171719074,2
-0.663003475219011,1.37783047169447,2
-0.663893463388085,1.44996730352044,2
-0.695390947014093,1.41666871788502,2
-0.554800599217415,1.32323233746886,2
-0.520942213833332,1.32288026121855,2
-0.609287569671869,1.30417054533958,2
-0.622520459741354,1.42836334393024,2
-0.497474995851517,1.3369241253227,2
-0.545526568740606,1.26053896363974,2
-0.56620923101902,1.35092933825254,2
-0.563650764524937,1.24901362753008,2
-0.521271146386862,1.13642330727577,2
-0.512670538425446,1.19726017035693,2
-0.518945502638817,1.14421363919377,2
-0.428541379123926,1.24675318077803,2
-0.27083825469017,1.14245198910125,2
-0.430524175167084,1.15108860922456,2
-0.376538556665182,1.17101996102333,2
-0.345511166993529,1.13496611776352,2
-0.370106108188629,1.17611764798164,2
-0.273397230729461,1.05960507154465,2
-0.200144475996494,1.04590224329233,2
-0.277299493774772,1.04905928781033,2
-0.191679229736328,0.956288272941113,2
-0.216024479158223,0.908853128811717,2
-0.206623291876167,0.827323191463947,2
-0.17079083185643,0.87218412900567,2
-0.199578557014465,0.867319502854347,2
-0.183843012303114,0.782119744428992,2
-0.0622928914427757,0.777692775702477,2
0.0687011569738388,0.846818941235542,2
-0.129014531075954,0.635689754194021,2
-0.149666523039341,0.612087539689243,2
0.02546238809824,0.52510083746314,2
0.0561844292283059,0.429609686350822,2
-1.96349234506488,0.409435786306858,2
-1.95442257218063,0.553422259381414,2
-1.97976399496198,0.577028118773922,2
-1.99964738875628,0.690207008564472,2
-1.96852409660816,0.720820948636532,2
-1.79028024673462,0.665564368069172,2
-1.94619087606668,0.7058864510566,2
-1.92848594546318,0.718196026021242,2
-1.89216755345464,0.742905342006683,2
-1.89092440128326,0.844678248783946,2
-1.72261019349098,0.755709715783596,2
-1.75483454830945,1.04135626766682,2
-1.82403987854719,0.85007982929945,2
-1.66015565186739,0.98498315846324,2
-1.703344046399,0.949913250690699,2
-1.85001250803471,0.995535754822195,2
-1.71207369893789,1.00207345986962,2
-1.62274437382817,0.983970609927177,2
-1.56821978777647,1.02090443381071,2
-1.66795484244823,1.05948950243592,2
-1.56998697519302,1.09051886513829,2
-1.53641840621829,1.17724250201732,2
-1.57494614500552,1.23331252484918,2
-1.60835076957941,1.26338963594437,2
-1.62402657091618,1.248179762429,2
-1.46027082204819,1.18193865567446,2
-1.6033958825469,1.32698062411547,2
-1.45410850321874,1.25925601277649,2
-1.48353084042668,1.20816977962255,2
-1.39841293737292,1.20044523314238,2
-1.31307197511196,1.29290638133883,2
-1.42653676599264,1.37278418300152,2
-1.36368203548715,1.34981950522363,2
-1.35669078134,1.32347341733575,2
-1.26916613399982,1.48992698380947,2
-1.37652002573013,1.49166289329529,2
-1.22936482235789,1.44413754623234,2
-1.24668097611517,1.37954964553714,2
-1.36086793035269,1.4431306021289,2
-1.17539287477732,1.45322093434483,2
-1.29641989320517,1.473726121746,2
-1.08976765751839,1.39698110977411,2
-1.19273645415902,1.48729857085794,2
-1.22222504705191,1.35140015580654,2
-1.31110086560249,1.52294634071589,2
-1.0151756092906,1.53591525346041,2
-1.10836998179555,1.40471223399639,2
-1.1438932543993,1.43498691677451,2
-1.01666452638805,1.4987742192348,2
-0.97683104917407,1.55219709432721,2
-1.06504802405834,1.61373370885849,2
-0.995144510194659,1.54432919180989,2
-0.943311859890819,1.53205126997232,2
-0.956790406778455,1.58555622532368,2
-0.861647827625275,1.46689758107662,2
-0.947375157475472,1.37001318275928,2
-0.88254213064909,1.44658801121116,2
-0.679844797253609,1.47291598306,2
-0.790150594115257,1.46512916060686,2
-0.673453323245048,1.37681523422003,2
-0.836543905735016,1.49303596749902,2
-0.716676658689976,1.47591616932154,2
-0.749201984368265,1.47093052504361,2
-0.694496845602989,1.46719191288352,2
-0.743361338302493,1.40076517965496,2
-0.683246713876724,1.46482546240091,2
-0.639824569523334,1.28468843290806,2
-0.706417728066444,1.50769012155533,2
-0.546831473112106,1.27637891807556,2
-0.768058176040649,1.29933046606779,2
-0.753598919510841,1.35186546497047,2
-0.569530979655683,1.40267248288393,2
-0.575024437569082,1.34184469177723,2
-0.508646179884672,1.29310293220133,2
-0.58382791697979,1.27992294612378,2
-0.431308194994926,1.2138614654541,2
-0.345817472338676,1.17376271522641,2
-0.328710801005363,1.2136957511507,2
-0.456220333054662,1.27897483482361,2
-0.443090530186891,1.10642590597868,2
-0.353736640512943,1.12752206098288,2
-0.3494595746696,1.06097571445107,2
-0.251795821487904,0.999543216907978,2
-0.442661073207855,1.14808196338415,2
-0.358624208420515,1.03496716318876,2
-0.454150739312172,1.01885236077011,2
-0.350188067853451,1.05196005705595,2
-0.389750803112984,0.887003027999401,2
-0.351108340322971,0.854821863079071,2
-0.147553221583366,0.916559156289697,2
-0.142451409995556,0.832341002896428,2
-0.174413466658443,0.892061536705494,2
-0.158900034581311,0.868305855417251,2
-0.252996220588684,0.640900711500645,2
-0.183816331326962,0.691415205127001,2
-0.0443550929427147,0.701478173546493,2
-0.240001739859581,0.584417805230617,2
-0.101652988642454,0.70756031229496,2
0.00429228976368912,0.385912164115906,2
-0.0218446487374603,0.579690050548315,2
-2.0405372902751,0.584905505180359,2
-1.94672916784883,0.552024000538886,2
-1.95007871560752,0.518725688570738,2
-1.90977109462023,0.630958092691004,2
-1.8293920737505,0.619329869902134,2
-1.96928347051144,0.704475218951702,2
-1.92445718228817,0.673803563690186,2
-1.84113184049726,0.796065225237608,2
-1.79230878144503,0.928092800998688,2
-1.88027788296342,0.788128500378132,2
-1.72505764961243,0.926303260624409,2
-1.8114848087728,0.990760775542259,2
-1.77259106956422,1.00813041111231,2
-1.87851910829544,0.935055722647905,2
-1.65909073621035,1.02198874432445,2
-1.79333992004395,0.937380777895451,2
-1.67614851130173,0.988337096369267,2
-1.62896711550653,1.13601799073219,2
-1.63914518918376,1.10979723081887,2
-1.64895962633193,1.05137294796705,2
-1.59007755890489,1.12392887786031,2
-1.40327117025852,1.14952628352344,2
-1.59661511465907,1.12404375150204,2
-1.58404336959124,1.23588655341566,2
-1.54833962067962,1.19008056334257,2
-1.5091621465981,1.22468699142337,2
-1.45534611076117,1.37247766158581,2
-1.38602254450321,1.30864166099727,2
-1.44868481211364,1.27052555500865,2
-1.44253435924649,1.35277719818652,2
-1.48917561173439,1.35164191588759,2
-1.23949954390526,1.44140401539803,2
-1.28858266085386,1.35871802885979,2
-1.29132340490818,1.33196085425615,2
-1.31987836191576,1.32733401397467,2
-1.24874531403184,1.46469837412238,2
-1.34696878373623,1.52282295469046,2
-1.20535506889224,1.34127036919594,2
-1.19720701292157,1.36455502262115,2
-1.2660637062788,1.35696385029554,2
-1.29902723133564,1.4833946647495,2
-1.15890072129667,1.42041847938895,2
-1.27882144957781,1.49376485804617,2
-1.11558391280472,1.51312020071745,2
-1.16209053143859,1.57182059971094,2
-1.04793733581901,1.51681095525622,2
-1.10199835330248,1.4394138383925,2
-1.06516305398196,1.5866563482523,2
-1.01066406905651,1.38730913873911,2
-0.993265144973993,1.48950162368864,2
-1.02605777047575,1.42185208946466,2
-0.979111079319846,1.51317366982847,2
-0.94077760450542,1.48236412096918,2
-0.843833530843258,1.51369880459607,2
-0.827944187521934,1.47829029180706,2
-0.936606378853321,1.54445307120681,2
-0.863066201210022,1.43198758897781,2
-0.866414179224521,1.42859675758481,2
-0.825937426798046,1.60057439031601,2
-0.737948037385941,1.49157708594799,2
-0.770770034939051,1.41815209299326,2
-0.841462190002203,1.50969881910682,2
-0.639035875201225,1.46414441516399,2
-0.72700947035104,1.35203069885969,2
-0.699640504345298,1.37182331923246,2
-0.68058371245861,1.33361459881067,2
-0.671183483041823,1.43793627733588,2
-0.671185553856194,1.44951122733355,2
-0.686248443424702,1.34471303746998,2
-0.48995442211628,1.45828373042345,2
-0.558544842898846,1.23146229624748,2
-0.537212042063475,1.22526509896517,2
-0.48732609808445,1.2432307814002,2
-0.607334890365601,1.26180404801071,2
-0.576096140295267,1.28036914090663,2
-0.482817467302084,1.20639000833035,2
-0.454620707333088,1.2003069452852,2
-0.431031274646521,1.25074403371811,2
-0.444714206792414,1.23901490866542,2
-0.457731297314167,1.17072220650166,2
-0.445922685414553,1.20859967857599,2
-0.305404921174049,1.1219141756691,2
-0.287824974060059,1.07189078525603,2
-0.177292551994324,1.19747537138462,2
-0.386989913582802,1.07049280459285,2
-0.238544500619173,0.970571002215147,2
-0.291758438311517,0.958984032681584,2
-0.128096321821213,1.02110702654123,2
-0.257347058281302,0.909168839880824,2
-0.175279391258955,0.909883301964402,2
-0.206833685562015,0.842323611155152,2
-0.136092119216919,0.806427835991979,2
-0.169241322986782,0.760799818658829,2
-0.111011763438582,0.648730169022083,2
-0.109203046076,0.664982843673229,2
-0.0920407896861434,0.777338022887707,2
-0.0578303261846304,0.569206573224068,2
-0.119995703399181,0.699118387246132,2
-0.14914296656847,0.496390572750568,2
-0.101644840538502,0.528115579141676,2
-1.90915505588055,0.496489503886551,2
-1.97086211342365,0.492192011541128,2
-1.98996279112995,0.580847210019454,2
-1.89681411027908,0.602492452891171,2
-1.90250105790794,0.723919503545761,2
-1.90585843250155,0.683082844652235,2
-1.91924206271768,0.757038142061234,2
-1.79839802592993,0.805801990413666,2
-1.8685200048238,0.77913942745477,2
-1.72560562163591,0.829629834780842,2
-1.85129251256585,0.913578667342663,2
-1.82712459072471,0.805241810417175,2
-1.87557883024216,0.894546393731236,2
-1.77822219371796,0.835560546422005,2
-1.57600304603577,0.931597905641794,2
-1.75903751775622,0.950267730504274,2
-1.67952748266514,1.10045976618528,2
-1.67928420364857,1.07206447605565,2
-1.68804446920753,1.11141275883615,2
-1.56619334489107,1.11072168951333,2
-1.7170497611165,1.17418834507465,2
-1.52406909495592,1.13803297691643,2
-1.56040767941391,1.25214671715498,2
-1.46209246754646,1.22726952668428,2
-1.55660770505667,1.19014748818278,2
-1.57392611354589,1.13283386081457,2
-1.53305041000247,1.33858747384548,2
-1.28400362193584,1.27815293990225,2
-1.40870511397719,1.43202248110771,2
-1.45601171448827,1.20537051395178,2
-1.40239871116355,1.26288810014725,2
-1.29747109591961,1.45825766084194,2
-1.2821268594265,1.39861656130254,2
-1.30416855975986,1.39160171863213,2
-1.27700418576598,1.46104548612833,2
-1.29875119468197,1.33948950827122,2
-1.28556664122269,1.44015742000043,2
-1.18976307123899,1.417232781367,2
-1.25416262611747,1.42359987919927,2
-1.10750347495079,1.32633946809769,2
-1.3275587528944,1.47729808375239,2
-1.28268501937389,1.40414829263687,2
-1.19384992107749,1.50486856075525,2
-1.23214711934328,1.54072603606582,2
-1.18837420165539,1.56180516419411,2
-1.17824898511171,1.5183995307982,2
-1.1303196567297,1.43509815291166,2
-1.06780144333839,1.42596081032753,2
-0.875023432970047,1.56882384892702,2
-1.08144775077701,1.52126052721441,2
-1.04314615949988,1.47758373618126,2
-0.913287315070629,1.497471870175,2
-0.900318018198013,1.42311385002136,2
-0.883463757634163,1.49652328586308,2
-0.863947732448578,1.55118253484964,2
-0.847277810424566,1.52730314224958,2
-0.899713826477528,1.43891846922636,2
-0.862289523370564,1.44549470790625,2
-0.783440150469542,1.57124214740992,2
-0.848098128736019,1.46081383796632,2
-0.684984627366066,1.36843161940575,2
-0.819061665534973,1.42745178166628,2
-0.670193264484406,1.4725548037678,2
-0.762859087213874,1.48144656857252,2
-0.691348468214273,1.38344201538563,2
-0.741976641863584,1.44662355989218,2
-0.770555444359779,1.46274381617308,2
-0.550853181481361,1.34975913646221,2
-0.724606155753136,1.33966756389439,2
-0.55116782605648,1.43776843754053,2
-0.541317852586508,1.45625825613737,2
-0.582338831312954,1.29639221564531,2
-0.543039690181613,1.39579724415541,2
-0.496144653260708,1.34640776928663,2
-0.455877308249474,1.22418177104592,2
-0.511835708282888,1.2145092561841,2
-0.482276773331687,1.19224619007707,2
-0.498977138698101,1.29660118755102,2
-0.480773220360279,1.22823413088322,2
-0.480475122183561,1.05986809209585,2
-0.35740545541048,1.16696408890188,2
-0.415996221005917,1.32842161772251,2
-0.392331481575966,1.09077542448263,2
-0.317675508707762,1.11019109698534,2
-0.260515913069248,0.921655979549885,2
-0.350836738198996,1.00040488060564,2
-0.30281809784472,1.00274935219288,2
-0.242296336442232,1.02895096054077,2
-0.197267351448536,1.05899976422787,2
-0.197798879146576,0.944436772054434,2
-0.143675491958857,0.801805295646191,2
-0.261705905497074,0.72206047693491,2
-0.186717400178313,0.770574773648381,2
-0.255205056965351,0.811303391093016,2
-0.202969784736633,0.765771958506107,2
-0.175141467154026,0.694447960760444,2
-0.0329165662825107,0.711029473847151,2
-0.0451380148902535,0.633281089657545,2
-0.149603941440582,0.602204260417819,2
-0.100857217311859,0.463887706613541,2
-2.02832758612931,0.501772467163391,2
-2.0365019287169,0.525863319849968,2
-1.85453108608723,0.649382851088047,2
-1.98385755956173,0.548941698217392,2
-1.93543939858675,0.650579349991307,2
-1.93291938081384,0.727544786930084,2
-1.80413984239101,0.693203135854006,2
-1.90740008711815,0.810532591277361,2
-1.74423431247473,0.752867464894056,2
-1.71649172872305,0.768647504544258,2
-1.72794266343117,0.928670146167278,2
-1.74642543748021,0.833459036684036,2
-1.68562702298164,0.845559122467041,2
-1.83635284543037,0.870930851602554,2
-1.74366961352527,1.08538533601761,2
-1.80324252396822,1.01890827644616,2
-1.60836115509272,1.16805148551464,2
-1.68005881816149,1.11118789898753,2
-1.61921944223344,1.04715103738904,2
-1.61425165774301,1.04121408877373,2
-1.5743465539068,1.23619846194983,2
-1.59712464727461,1.18748481423259,2
-1.70209587872028,1.20031562726349,2
-1.55633259281516,1.15387085464001,2
-1.55515703603625,1.26326557508707,2
-1.44163635373116,1.23160677962005,2
-1.46066836223006,1.14273008308411,2
-1.44620914574713,1.33384762149453,2
-1.37230172246695,1.28861269622445,2
-1.32214988589287,1.34015520312488,2
-1.46802719086409,1.39578361824155,2
-1.3344367454946,1.24824021813869,2
-1.41583066493273,1.31064355709553,2
-1.34386911141686,1.39941603238285,2
-1.25481481820345,1.44669881204367,2
-1.37250069826841,1.41505817681551,2
-1.18271417796612,1.43472959566712,2
-1.18334804683924,1.37100200047493,2
-1.24970815401524,1.50423843687177,2
-1.23001893822104,1.39659167054892,2
-1.26308930367231,1.33067446112633,2
-1.12231884926558,1.41648119772077,2
-1.12551436558366,1.40628402056694,2
-1.0782243566215,1.51159726851583,2
-1.06012518599629,1.50566389573216,2
-1.13927932307124,1.40862944513559,2
-1.03277416706085,1.55027627975345,2
-1.03966034710407,1.47966174356043,2
-0.931958922147751,1.5128463814795,2
-1.0362604264915,1.49645253552161,2
-1.07836955040693,1.52557328157127,2
-0.99744339056313,1.52795627272725,2
-0.989168566688895,1.60621767964363,2
-0.93693662323989,1.46873553044498,2
-0.984519643783569,1.45121390030384,2
-0.874099665880203,1.47400134593248,2
-0.932587363868952,1.50540100572109,2
-0.742185883820057,1.51469945930839,2
-0.772071462273598,1.56650121631622,2
-0.769073739349842,1.4604638972342,2
-0.723645377159119,1.52221753358841,2
-0.83676282197237,1.45501497152112,2
-0.845827380418777,1.51740817626715,2
-0.726598430201411,1.42371130147725,2
-0.761894815862179,1.39476338680685,2
-0.744477786868811,1.39654230032116,2
-0.636698391586542,1.33533919716477,2
-0.641337687000632,1.33855325090289,2
-0.732372320592403,1.34919663296044,2
-0.698891687095165,1.45952411053181,2
-0.686777970194817,1.44891078412533,2
-0.635697705596685,1.42937975958586,2
-0.625838530659676,1.42996978654861,2
-0.549610579349101,1.27281042471677,2
-0.53482336781919,1.24509447603524,2
-0.569812126457691,1.20773526653647,2
-0.583325128555298,1.10770722738504,2
-0.482988468408585,1.23189756285548,2
-0.383212360143661,1.14351920782924,2
-0.303616521954536,1.16088711764328,2
-0.441906047612429,1.15937114447355,2
-0.316885043978691,1.01458113906384,2
-0.305835035294294,1.05842096813917,2
-0.240282926857471,1.10476710038781,2
-0.31503757013008,1.13305148909092,2
-0.286723826266825,1.01192111253273,2
-0.28706002721563,1.0298065230608,2
-0.269674751199782,0.842374921941757,2
-0.19920592173934,0.957556957805157,2
-0.154840008616447,0.958097646272182,2
-0.144855444133282,0.879512660801411,2
-0.155400036200881,0.816298560744524,2
-0.247675377726555,0.69795708450079,2
-0.213875114321709,0.845789755666256,2
-0.0800068777799606,0.700457814610004,2
0.0522255539894104,0.819015803337097,2
-0.0343183669447898,0.579917811012268,2
-0.108724252730608,0.562435351604223,2
-0.0341033152863383,0.623677994126081,2
0.0894965785741807,0.504567302978039,2
